{"cameraMode":{"drawMode":0,"name":"Shaded","section":"Shading Mode"},"sceneLighting":false,"audioPlay":false,"sceneViewState":{"showFog":true,"showMaterialUpdate":false,"showSkybox":false,"showFlares":true,"showImageEffects":true,"showParticleSystems":true},"in2DMode":false,"pivot":{"x":17.399999618530275,"y":1.0,"z":-11.670000076293946},"rotation":{"x":0.34108835458755495,"y":0.34077394008636477,"z":-0.13425958156585694,"w":0.8657408356666565},"size":1.4289418458938599,"orthographic":false}