{"cameraMode":{"drawMode":0,"name":"Shaded","section":"Shading Mode"},"sceneLighting":false,"audioPlay":false,"sceneViewState":{"showFog":true,"showMaterialUpdate":false,"showSkybox":true,"showFlares":true,"showImageEffects":true,"showParticleSystems":true},"in2DMode":false,"pivot":{"x":-0.4160241484642029,"y":73.58302307128906,"z":-40.40705871582031},"rotation":{"x":-0.5385977625846863,"y":0.00934935174882412,"z":-0.005978021305054426,"w":-0.8424940705299377},"size":13.064889907836914,"orthographic":false}